,City,Lat,Lng,Temperature (F),Humidity (%),Cloudiness (%),Wind Speed (mph),Country
0,Port Hawkesbury,45.62,-61.35,46.99,75,1,4.7,CA
1,Bathsheba,13.22,-59.52,84.2,70,20,26.4,BB
2,Ponta do Sol,32.67,-17.1,66.2,63,40,5.82,PT
3,Berlevåg,70.86,29.09,39.2,86,75,31.09,NO
4,Östersund,63.18,14.64,32.0,95,20,11.41,SE
5,Flinders,-34.58,150.86,68.0,94,99,4.0,AU
6,Lorengau,-2.02,147.27,82.69,67,29,3.51,PG
7,Albany,42.6,-73.97,72.0,71,83,1.99,US
8,Castro,-24.79,-50.01,66.67,87,43,7.25,BR
9,Butaritari,3.07,172.79,82.18,73,100,13.18,KI
10,Oranjemund,-28.55,16.43,59.7,83,0,0.63,NA
11,Rikitea,-23.12,-134.97,74.68,77,60,7.9,PF
12,Punta Arenas,-53.15,-70.92,46.4,65,75,6.93,CL
13,Saint-Philippe,-21.36,55.77,73.4,73,75,6.93,RE
14,Ushuaia,-54.8,-68.3,44.6,65,75,9.17,AR
15,Mataura,-46.19,168.86,63.0,63,60,8.99,NZ
16,Pacific Grove,36.62,-121.92,69.8,56,1,8.05,US
17,Departamento de Maldonado,-34.67,-54.92,69.8,83,20,4.7,UY
18,Port Alfred,-33.59,26.89,68.45,80,64,18.37,ZA
19,Nemuro,43.32,145.57,53.44,74,0,20.76,JP
20,Avera,33.19,-82.53,82.4,58,75,6.93,US
21,Krishnanagar,23.4,88.5,74.82,92,100,8.23,IN
22,Klaksvík,62.23,-6.59,42.8,93,4,4.7,FO
23,Hermanus,-34.42,19.23,64.0,89,43,7.61,ZA
24,Lebu,-37.62,-73.65,54.59,78,100,1.36,CL
25,Mount Gambier,-37.83,140.77,51.8,76,90,14.99,AU
26,Nikolskoye,59.7,30.79,41.0,75,75,13.42,RU
27,Cape Town,-33.93,18.42,61.0,87,0,8.05,ZA
28,Esperance,-33.87,121.9,53.6,100,90,3.36,AU
29,Provideniya,64.38,-173.3,34.21,89,100,13.24,RU
30,Qaanaaq,77.48,-69.36,19.35,92,98,7.94,GL
31,Ketchikan,55.34,-131.65,44.6,33,1,5.82,US
32,Tbilisskaya,45.36,40.19,57.0,72,0,4.63,RU
33,Salinópolis,-0.61,-47.36,79.66,80,36,11.63,BR
34,Saint Anthony,45.02,-93.22,36.0,69,90,13.87,US
35,Kilindoni,-7.91,39.67,79.54,81,82,10.74,TZ
36,Raudeberg,61.99,5.14,45.0,70,100,10.96,NO
37,Port Elizabeth,-33.92,25.57,68.0,88,45,16.11,ZA
38,Touros,-5.2,-35.46,77.0,94,40,5.82,BR
39,Henderson,36.04,-114.98,75.99,14,1,6.93,US
40,Pemberton,50.32,-122.8,37.0,63,90,4.05,CA
41,New Norfolk,-42.78,147.06,55.0,68,100,5.23,AU
42,Bredasdorp,-34.53,20.04,64.4,93,29,1.36,ZA
43,Saldanha,-33.01,17.94,59.0,82,9,4.7,ZA
44,Bluff,-46.6,168.33,63.0,63,94,7.0,NZ
45,Bethel,41.37,-73.41,63.0,97,91,4.76,US
46,Khatanga,71.97,102.5,10.85,96,100,9.86,RU
47,Cherskiy,68.75,161.3,16.03,94,35,3.31,RU
48,Young,-32.68,-57.63,72.48,91,48,6.62,UY
49,Lowicz,52.11,19.95,55.0,99,100,6.87,PL
50,Evensk,61.95,159.23,30.88,93,35,4.18,RU
51,Tuatapere,-46.13,167.68,63.0,63,98,7.0,NZ
52,Pangnirtung,66.15,-65.71,26.6,100,90,2.33,CA
53,Poum,-20.23,164.02,77.92,77,0,15.86,NC
54,Khasan,42.43,130.64,38.43,69,0,26.08,RU
55,Itoman,26.12,127.67,71.6,64,75,20.8,JP
56,Busselton,-33.65,115.33,53.01,47,0,11.01,AU
57,Hobart,-42.88,147.33,55.0,71,75,6.93,AU
58,Esim,4.87,-2.24,77.65,89,48,6.53,GH
59,Jamestown,42.1,-79.24,75.99,47,40,14.99,US
60,Lakatoro,-16.1,167.42,80.6,78,75,8.05,VU
61,Harsīn,34.27,47.59,48.2,100,0,4.7,IR
62,Husavik,66.04,-17.34,42.8,75,75,6.93,IS
63,Mataram,-8.58,116.12,75.2,100,75,7.92,ID
64,Pisco,-13.7,-76.22,66.2,72,0,24.16,PE
65,Salalah,17.02,54.09,75.2,44,0,2.24,OM
66,Pitkyaranta,61.57,31.48,36.14,83,100,15.5,RU
67,Mar del Plata,-38.0,-57.56,60.8,87,40,8.05,AR
68,Florø,61.6,5.03,44.6,70,75,19.46,NO
69,Tuktoyaktuk,69.45,-133.04,24.8,92,90,9.17,CA
70,Hithadhoo,-0.6,73.08,82.6,78,72,12.59,MV
71,Rypin,53.07,19.41,55.0,93,100,1.01,PL
72,Amnat Charoen,15.92,104.75,65.43,74,99,12.37,TH
73,Khovd,48.01,91.64,36.9,68,100,3.62,MN
74,São Filipe,14.9,-24.5,80.42,77,20,13.22,CV
75,Anadyr,64.75,177.48,23.0,92,75,4.47,RU
76,Sanming,26.25,117.62,51.73,73,100,2.86,CN
77,Srandakan,-7.94,110.25,77.16,87,31,4.23,ID
78,Kwekwe,-18.93,29.81,66.13,62,0,6.02,ZW
79,Norman Wells,65.28,-126.83,28.4,86,75,11.41,CA
80,Progreso,21.28,-89.67,86.0,74,75,4.7,MX
81,Fort Nelson,58.81,-122.7,28.4,39,40,11.41,CA
82,Chuzhou,32.32,118.3,51.01,71,0,3.6,CN
83,Paamiut,61.99,-49.67,32.5,88,50,24.74,GL
84,Yeppoon,-23.13,150.73,75.2,73,40,6.93,AU
85,Caernarfon,53.14,-4.27,53.6,76,82,12.75,GB
86,Mīnāb,27.15,57.08,73.4,33,0,4.7,IR
87,Calabozo,8.92,-67.43,80.85,87,88,3.56,VE
88,Gambēla,8.25,34.58,70.65,90,25,1.92,ET
89,Sinazongwe,-17.26,27.46,80.17,37,16,6.22,ZM
90,Khanbari,27.37,87.2,63.03,42,0,2.75,NP
91,Yellowknife,62.46,-114.35,28.0,58,20,13.87,CA
92,Pangkalanbuun,-2.68,111.62,73.81,98,38,1.81,ID
93,Churapcha,62.0,132.43,6.73,91,14,5.48,RU
94,Palma de Mallorca,39.57,2.65,69.8,63,0,5.82,ES
95,Obo,5.4,26.49,69.26,95,100,1.1,CF
96,Ribeira Grande,38.52,-28.7,68.0,77,75,17.22,PT
97,George Town,5.41,100.34,78.8,94,20,3.51,MY
98,Faanui,-16.48,-151.75,78.85,74,13,8.55,PF
99,Srednekolymsk,67.45,153.68,15.46,91,0,3.33,RU
100,Tymovskoye,50.85,142.66,48.06,90,79,2.17,RU
101,Carnarvon,-24.87,113.63,68.0,77,0,12.75,AU
102,Adrar,20.5,-10.07,89.89,13,42,5.39,MR
103,Vila Velha,-20.33,-40.29,69.8,94,90,4.7,BR
104,Egvekinot,66.32,-179.17,23.97,94,3,9.44,RU
105,Port Hardy,50.7,-127.42,44.6,87,90,10.29,CA
106,Puerto Ayora,-0.74,-90.35,78.8,69,20,14.99,EC
107,Lata,40.16,-8.33,57.99,86,8,0.69,PT
108,Luanda,-8.84,13.23,77.0,78,40,8.05,AO
109,Staraya Mayna,54.6,48.95,50.0,100,90,11.18,RU
110,Villarrica,-25.75,-56.43,83.91,47,65,3.15,PY
111,Tiksi,71.69,128.87,22.78,96,100,15.32,RU
112,Chui,-33.7,-53.46,64.63,92,93,6.8,UY
113,Bilibino,68.05,166.44,16.41,89,74,0.36,RU
114,Meybod,32.25,54.02,53.6,30,0,4.7,IR
115,Hilo,19.73,-155.09,87.8,55,20,11.41,US
116,Coahuayana Viejo,18.73,-103.68,86.0,66,40,5.37,MX
117,Iskateley,67.68,53.15,21.56,94,90,11.61,RU
118,Praia,14.92,-23.51,78.8,78,40,16.11,CV
119,Mahébourg,-20.41,57.7,73.4,69,20,9.17,MU
120,Warwick,41.7,-71.42,66.99,72,1,5.19,US
121,Berdigestyakh,62.1,126.7,22.68,97,100,5.95,RU
122,Alta Floresta,-9.88,-56.09,80.42,73,100,4.14,BR
123,Utiel,39.57,-1.2,48.99,79,0,1.01,ES
124,Port Lincoln,-34.73,135.87,54.91,72,87,21.25,AU
125,São João da Barra,-21.64,-41.05,75.2,64,0,11.41,BR
126,Tura,25.52,90.22,70.02,99,100,4.47,IN
127,Havre-St-Pierre,50.23,-63.6,35.6,74,90,5.82,CA
128,Samfya,-11.36,29.56,74.57,36,52,7.81,ZM
129,Miramar,25.99,-80.23,82.99,78,75,11.41,US
130,Rāver,21.25,76.03,75.56,60,4,3.24,IN
131,Kropotkin,45.44,40.58,57.0,72,0,5.28,RU
132,Thompson,55.74,-97.86,24.8,58,90,13.87,CA
133,Ilulissat,69.22,-51.1,21.2,67,98,6.93,GL
134,Yura,-16.25,-71.68,69.8,19,0,10.29,PE
135,Geraldton,-28.77,114.6,51.8,76,0,6.93,AU
136,Dingle,11.0,122.67,76.44,92,100,6.49,PH
137,Mikkeli,61.69,27.27,32.0,93,40,6.93,FI
138,Kapaa,22.08,-159.32,81.0,88,75,11.41,US
139,Dwārka,22.24,68.97,81.43,62,0,7.25,IN
140,Madimba,-10.4,40.33,75.7,88,80,4.68,TZ
141,Alofi,-19.06,-169.92,80.6,78,75,17.22,NU
142,Irbeyskoye,55.64,95.45,33.94,90,96,1.88,RU
143,Tiquisate,14.28,-91.37,87.8,74,75,6.93,GT
144,San Juan,-31.54,-68.54,88.56,22,1,11.48,AR
145,Atuona,-9.8,-139.03,78.21,77,25,19.26,PF
146,Beringovskiy,63.05,179.32,33.51,91,100,21.59,RU
147,Ghorāwal,24.77,82.78,70.5,65,0,2.91,IN
148,Avarua,-21.21,-159.78,77.0,73,75,9.17,CK
149,Pedasí,7.53,-80.03,82.22,79,100,10.67,PA
150,Guerrero Negro,27.98,-114.06,73.27,59,52,15.1,MX
151,Los Llanos de Aridane,28.66,-17.92,69.8,64,20,9.17,ES
152,Sembakung,3.82,117.25,75.04,96,100,2.39,ID
153,Hong Kong,22.29,114.16,73.99,47,100,16.67,HK
154,Mossamedes,-15.2,12.15,70.66,78,90,6.71,AO
155,Colares,38.8,-9.45,60.01,76,20,4.7,PT
156,Awjilah,29.11,21.29,65.93,74,3,13.09,LY
157,Jalu,29.03,21.55,66.51,72,15,13.89,LY
158,Namatanai,-3.67,152.43,84.13,62,4,1.92,PG
159,Portage,41.17,-81.2,75.2,53,75,6.93,US
160,Isangel,-19.55,169.27,78.69,72,50,10.47,VU
161,Tikrit,34.61,43.68,73.58,20,97,9.15,IQ
162,Barcelos,41.54,-8.62,55.0,100,20,6.93,PT
163,Pirassununga,-22.0,-47.43,73.74,68,86,7.96,BR
164,Guia Lopes da Laguna,-21.46,-56.11,71.91,87,95,3.74,BR
165,Constitución,-35.33,-72.42,56.28,66,0,14.03,CL
166,Saint Paul Harbor,57.79,-152.41,46.4,87,90,23.04,US
167,Portland,45.52,-122.68,52.0,66,90,9.17,US
168,Atar,20.52,-13.05,89.29,22,97,9.53,MR
169,Bongor,10.28,15.37,79.56,39,31,1.95,TD
170,Kodinsk,58.69,99.18,32.2,95,100,6.08,RU
171,Urucará,-2.54,-57.76,87.46,52,99,2.08,BR
172,Vanimo,-2.67,141.3,79.47,84,75,5.28,PG
173,Eureka,40.8,-124.16,64.99,63,0,1.99,US
174,Katghora,22.5,82.55,66.04,64,0,5.21,IN
175,Souillac,-20.52,57.52,73.4,69,20,9.17,MU
176,Saint-Augustin,51.23,-58.65,34.75,82,7,0.76,CA
177,Saskylakh,71.92,114.08,18.99,97,100,3.22,RU
178,Kununurra,-15.77,128.73,80.6,88,61,7.94,AU
179,Kédougou,12.56,-12.17,82.4,74,0,6.93,SN
180,Mendoza,-32.89,-68.83,84.2,32,0,4.7,AR
181,Chicama,-7.84,-79.15,62.6,82,40,10.29,PE
182,Benguela,-12.58,13.41,75.33,80,78,4.52,AO
183,Gandorhun,7.5,-11.83,74.98,95,99,2.64,SL
184,Cap Malheureux,-19.98,57.61,73.99,69,57,5.99,MU
185,Trairi,-3.28,-39.27,79.39,79,0,10.13,BR
186,Olafsvik,64.89,-23.71,44.46,80,91,22.68,IS
187,Vaini,-21.2,-175.2,77.0,38,40,11.41,TO
188,Saint George,37.1,-113.58,72.0,16,1,5.12,US
189,Rahā,26.23,92.52,71.04,97,100,5.93,IN
190,Maceió,-9.67,-35.74,77.0,83,40,10.29,BR
191,Inírida,3.87,-67.92,77.61,85,96,2.17,CO
192,Biak,-0.91,122.88,77.4,80,6,1.57,ID
193,Muaná,-1.53,-49.22,86.02,54,79,10.96,BR
194,Taoudenni,22.68,-3.98,88.09,12,21,9.73,ML
195,San Luis,-33.3,-66.34,77.67,50,95,13.96,AR
196,Leningradskiy,69.38,178.42,23.16,90,0,4.23,RU
197,Wau,7.7,28.0,74.41,85,99,2.3,SS
198,Barrow,71.29,-156.79,28.4,92,90,9.17,US
199,Airai,-8.93,125.41,63.79,100,33,0.49,TL
200,Nelson Bay,-32.72,152.15,68.0,100,100,9.17,AU
201,Sitka,57.05,-135.33,42.8,26,75,6.8,US
202,Codrington,-38.27,141.97,52.32,84,75,17.13,AU
203,Lakes Entrance,-37.88,147.98,63.0,97,100,6.24,AU
204,Oussouye,12.48,-16.55,82.4,88,20,2.24,SN
205,Jieshi,22.81,115.83,72.0,46,100,1.01,CN
206,Bilma,18.69,12.92,80.04,17,0,14.14,NE
207,Ca Mau,9.18,105.15,74.91,91,99,1.05,VN
208,Nueve de Julio,-35.44,-60.88,69.01,73,67,1.99,AR
209,Moose Factory,51.26,-80.61,33.44,90,100,8.93,CA
210,Kiama,-34.68,150.87,68.0,94,98,4.0,AU
211,Tiznit Province,29.58,-9.5,62.13,72,54,2.06,MA
212,Hamilton,39.18,-84.53,78.01,65,40,18.34,US
213,Dikson,73.51,80.55,23.63,93,100,14.85,RU
214,Bela,25.93,81.98,72.46,44,0,1.57,IN
215,Abu Dhabi,24.47,54.37,78.8,69,0,4.7,AE
216,Panabá,21.28,-88.27,82.33,86,97,10.09,MX
217,Sioux Lookout,50.1,-91.92,32.0,92,90,8.05,CA
218,Gemenele,45.28,27.62,50.0,76,5,4.7,RO
219,Jutaí,-5.18,-68.9,80.47,82,95,2.39,BR
220,Fomboni,-12.28,43.74,79.75,76,11,9.13,KM
221,Tasiilaq,65.61,-37.64,33.8,59,100,3.36,GL
222,San-Pédro,4.75,-6.64,76.46,92,98,4.32,CI
223,Upernavik,72.79,-56.15,22.28,92,99,8.03,GL
224,Bambous Virieux,-20.34,57.76,73.99,69,20,9.17,MU
225,Tarakan,3.3,117.63,80.28,82,100,2.35,ID
226,Tsurib,42.24,46.83,48.96,47,25,6.33,RU
227,Mahon,39.89,4.27,64.4,77,0,5.82,ES
228,Atherton,53.52,-2.49,46.0,78,76,1.99,GB
229,Conde,-7.26,-34.91,78.8,83,20,11.41,BR
230,Huilong,31.81,121.66,55.99,71,37,9.6,CN
231,Nouadhibou,20.93,-17.03,73.4,69,68,12.75,MR
232,Douglas,41.3,-96.17,39.2,60,90,12.75,US
233,Gurupi,-11.73,-49.07,80.73,68,96,4.23,BR
234,Altar,30.7,-111.82,91.99,27,25,3.0,MX
235,Laas,46.62,10.7,52.0,100,75,3.36,IT
236,Rongcheng,30.63,117.85,47.37,62,10,2.89,CN
237,Vestmannaeyjar,63.44,-20.27,44.4,71,62,14.58,IS
238,Thul,28.24,68.78,66.2,82,0,4.18,PK
239,Hasaki,35.73,140.83,57.2,82,75,5.82,JP
240,Maniitsoq,65.42,-52.9,28.76,85,48,6.38,GL
241,Katsuura,35.13,140.3,62.6,55,75,18.34,JP
242,Aklavik,68.22,-135.01,30.2,80,20,4.7,CA
243,Lavrentiya,65.58,-171.0,34.03,87,100,3.8,RU
244,Lima,-12.04,-77.03,64.99,72,75,10.29,PE
245,Kiryat Gat,31.61,34.76,73.4,83,0,5.82,IL
246,Santa Maria,-29.68,-53.81,70.88,84,100,5.86,BR
247,Hualmay,-11.1,-77.61,65.19,74,71,6.71,PE
248,Porterville,36.07,-119.02,78.01,18,1,6.93,US
249,Sept-Îles,50.2,-66.38,37.0,69,90,10.29,CA
250,Birjand,32.87,59.22,46.4,42,0,9.17,IR
251,San Patricio,28.02,-97.52,91.99,59,20,8.05,US
252,Belle Fourche,44.67,-103.85,24.01,92,90,8.05,US
253,Sānchi,23.48,77.73,71.44,53,0,3.2,IN
254,Comodoro Rivadavia,-45.87,-67.5,68.0,32,0,10.29,AR
255,Bhuban,20.88,85.83,74.71,82,58,3.47,IN
256,Pokhara,28.23,83.98,64.9,27,0,5.1,NP
257,Luebo,-5.35,21.42,69.15,95,37,1.68,CD
258,Ancud,-41.87,-73.82,53.01,93,75,14.99,CL
259,Nísia Floresta,-6.09,-35.21,77.0,94,40,5.82,BR
260,Nakatsugawa,35.48,137.5,46.0,100,0,1.99,JP
261,Mocoa,1.15,-76.65,79.57,67,100,0.2,CO
262,Midland,32.0,-102.08,55.99,43,90,16.11,US
263,Padang,-0.95,100.35,79.21,76,100,3.56,ID
264,Cururupu,-1.83,-44.87,76.64,83,100,4.25,BR
265,Vnukovo District,55.62,37.22,51.8,87,0,15.66,RU
266,Chara,56.91,118.26,22.57,88,71,0.18,RU
267,Dzaoudzi,-12.79,45.27,78.8,78,20,6.93,YT
268,Sabang,5.89,95.32,82.87,72,100,8.97,ID
269,Vao,-22.67,167.48,73.65,86,4,16.75,NC
270,Fuxin,42.02,121.66,37.29,69,0,3.78,CN
271,Margate,51.38,1.39,54.0,87,58,1.99,GB
272,Monster,52.03,4.17,55.99,88,18,7.0,NL
273,Kushima,31.46,131.23,53.6,66,20,14.99,JP
274,Severomuysk,56.15,113.43,18.39,85,38,1.25,RU
275,Nanortalik,60.14,-45.24,34.21,87,98,5.77,GL
276,General Pico,-35.66,-63.76,72.46,65,50,7.63,AR
277,East London,-33.02,27.91,72.82,75,55,4.63,ZA
278,Arman',59.7,150.17,37.76,83,100,7.25,RU
279,Pasni,25.26,63.47,76.86,34,0,30.78,PK
280,Tumbi,-5.07,32.73,78.55,34,74,5.3,TZ
281,Alice Springs,-23.7,133.88,62.6,63,0,5.82,AU
282,Mil'kovo,54.72,158.62,33.51,90,97,1.16,RU
283,Yangambi,0.81,24.43,70.93,96,98,2.15,CD
284,Tanout,14.97,8.89,83.37,15,0,10.51,NE
285,Staryy Nadym,65.61,72.68,13.46,94,57,9.48,RU
286,Alekseyevsk,57.84,108.35,31.41,97,100,1.95,RU
287,Sovetskaya,44.78,41.17,53.24,42,0,4.94,RU
288,Kyren,51.68,102.14,34.18,82,85,0.83,RU
289,Mackay,-21.15,149.2,77.0,78,75,9.17,AU
290,Pevek,69.7,170.31,26.76,94,78,10.49,RU
291,Liverpool,53.41,-2.98,48.2,81,0,8.05,GB
292,Broome,42.25,-75.83,73.0,64,20,10.29,US
293,Coaldale,49.72,-112.62,17.01,92,90,8.05,CA
294,Lompoc,34.64,-120.46,73.4,56,75,10.29,US
295,Buchanan,5.88,-10.05,75.2,94,75,6.93,LR
296,Kaitangata,-46.28,169.85,61.95,54,48,3.87,NZ
297,Gouyave,12.16,-61.73,77.0,94,75,17.22,GD
298,Sarangani,5.4,125.46,83.93,73,100,7.58,PH
299,Karpogory,64.0,44.45,30.31,99,100,8.66,RU
300,Kavieng,-2.57,150.8,83.86,64,28,3.78,PG
301,Abbotsford,49.06,-122.25,39.99,93,90,8.05,CA
302,Lodja,-3.48,23.43,69.69,96,8,1.21,CD
303,Atambua,-9.11,124.89,76.84,80,12,2.17,ID
304,Longyearbyen,78.22,15.64,19.4,79,75,1.12,SJ
305,Humaitá,-7.51,-63.02,76.3,94,100,3.56,BR
306,Grand Gaube,-20.01,57.66,73.99,69,67,5.99,MU
307,Liwale,-9.77,37.93,72.91,79,57,4.74,TZ
308,Korla,41.76,86.15,46.0,92,32,5.99,CN
309,Goderich,43.75,-81.72,72.0,86,87,23.78,CA
310,Qingdao,36.1,120.37,46.99,86,0,4.47,CN
311,Half Moon Bay,37.46,-122.43,71.6,77,1,6.93,US
312,Nantucket,41.28,-70.1,59.0,87,75,12.75,US
313,College,64.86,-147.8,25.0,85,75,4.41,US
314,Oneonta,42.45,-75.06,66.0,75,86,14.0,US
315,Santiago del Estero,-27.8,-64.26,82.02,59,29,2.93,AR
316,Brownsville,25.9,-97.5,89.6,62,20,13.87,US
317,Carutapera,-1.2,-46.02,77.88,81,91,7.02,BR
318,Ugoofaaru,5.67,73.0,81.34,80,78,14.43,MV
319,Torbay,47.67,-52.73,39.99,86,40,2.24,CA
320,Chokurdakh,70.63,147.92,8.46,91,94,7.31,RU
321,Richards Bay,-28.78,32.04,67.46,89,7,7.2,ZA
322,Kazachinskoye,57.7,93.28,30.52,95,29,6.11,RU
323,Lagoa,39.05,-27.98,66.7,81,25,24.85,PT
324,Dakar,14.69,-17.44,82.4,88,0,6.93,SN
325,Naze,28.37,129.48,71.6,60,90,16.11,JP
326,Podor,16.65,-14.96,87.8,43,0,2.24,MR
327,Metro,-5.11,105.31,75.42,86,100,3.98,ID
328,Calvinia,-31.47,19.78,66.92,41,0,4.03,ZA
329,Palmer,42.16,-72.33,68.0,72,75,5.82,US
330,Gamba,-2.65,10.0,76.91,87,100,7.49,GA
331,Leh,34.17,77.58,31.93,73,0,3.36,IN
332,Cidreira,-30.18,-50.21,68.16,90,100,15.14,BR
333,Shubarkuduk,49.14,56.49,37.9,77,100,18.03,KZ
334,Capitão Poço,-1.75,-47.06,81.7,57,100,10.22,BR
335,Rawson,-43.3,-65.1,75.94,35,85,25.19,AR
336,Châteaudun,48.08,1.33,53.6,87,20,11.41,FR
337,Grindavik,63.84,-22.43,42.8,87,75,14.99,IS
338,Casablanca,33.59,-7.62,66.0,100,0,3.36,MA
339,Patu,-6.11,-37.64,80.6,63,100,9.62,BR
340,Haimen,23.19,116.61,68.0,52,0,4.47,CN
341,The Valley,18.22,-63.06,86.0,83,20,13.87,AI
342,Simbahan,6.3,120.58,82.6,73,99,2.71,PH
343,Zhangjiakou,40.81,114.88,38.16,62,0,1.79,CN
344,Cabo San Lucas,22.89,-109.91,91.4,62,5,11.41,MX
345,Njombe,-9.33,34.77,56.08,79,52,5.06,TZ
346,Upington,-28.45,21.26,77.0,27,76,6.93,ZA
347,Altagracia de Orituco,9.86,-66.38,76.23,92,67,3.91,VE
348,Vanavara,60.34,102.28,27.9,97,90,6.73,RU
349,Coyhaique,-45.58,-72.07,57.2,50,90,8.05,CL
350,Mariental,-24.63,17.97,78.31,18,78,7.63,NA
351,Moyale,3.52,39.06,73.67,60,69,3.96,KE
352,Stepnyak,52.83,70.78,21.76,92,6,10.36,KZ
353,Blackfoot,43.19,-112.34,50.0,22,1,3.36,US
354,Turukhansk,65.82,87.98,9.18,96,96,8.66,RU
355,High Level,58.52,-117.14,28.4,63,40,5.82,CA
356,Bengkulu,-3.8,102.27,75.33,92,100,6.26,ID
357,Suba,10.84,121.01,77.4,93,100,9.89,PH
358,Kapit,2.02,112.93,72.91,95,100,1.88,MY
359,Byron Bay,-28.65,153.62,71.6,83,90,10.29,AU
360,Acajutla,13.59,-89.83,82.4,74,20,2.24,SV
361,Le Vauclin,14.55,-60.84,86.0,70,75,16.11,MQ
362,Dattāpur,20.77,78.17,75.0,70,38,0.6,IN
363,Pandan,14.05,124.17,79.72,82,100,5.5,PH
364,Nichinan,31.6,131.37,53.6,66,20,14.99,JP
365,Guaymas,27.93,-110.9,91.0,70,40,13.33,MX
366,Arraial do Cabo,-22.97,-42.03,73.4,73,0,19.46,BR
367,Hof,50.32,11.92,53.01,96,100,10.0,DE
368,Iranshahr,27.2,60.68,66.2,15,0,6.93,IR
369,Broadford,-37.2,145.07,55.0,96,100,11.1,AU
370,Carballo,43.21,-8.69,59.0,82,20,14.99,ES
371,Fort Frances,48.6,-93.4,32.0,80,90,9.17,CA
372,Santa Ana,33.75,-117.87,75.0,60,75,9.17,US
373,Shingū,33.73,135.98,53.42,80,0,6.04,JP
374,Dunedin,-45.87,170.5,62.26,50,58,3.42,NZ
375,Ventspils,57.39,21.56,48.2,87,40,5.82,LV
376,Dullewala,31.84,71.44,69.4,24,0,4.7,PK
377,Samarai,-10.62,150.67,81.63,81,88,5.32,PG
378,Redcar,54.62,-1.06,45.0,86,64,7.0,GB
379,Karuzi Province,-3.12,30.13,62.8,73,1,1.79,BI
380,Kwang Binh,17.48,106.6,70.0,71,97,7.45,VN
381,Nyimba,-14.56,30.81,76.6,31,3,7.92,ZM
382,Petropavlovsk-Kamchatskiy,53.05,158.65,35.6,80,90,4.47,RU
383,Darhan,49.49,105.92,35.02,81,95,0.83,MN
384,Isabela,6.71,121.97,77.0,94,75,2.24,PH
385,Carlsbad,33.16,-117.35,73.4,56,1,10.29,US
386,Yenagoa,4.92,6.26,75.83,93,100,4.05,NG
387,Fairbanks,64.84,-147.72,25.0,84,1,4.54,US
388,Chālūs,36.66,51.42,62.6,88,40,4.7,IR
389,Kyabé,9.45,18.94,76.89,66,47,3.02,TD
390,Mizque,-17.94,-65.34,74.66,47,20,9.73,BO
391,Atbasar,51.8,68.33,23.38,87,0,5.82,KZ
392,Glenwood Springs,39.55,-107.32,61.0,26,1,16.11,US
393,Banjar,-8.19,114.97,78.8,83,20,4.7,ID
394,Manoel Urbano,-8.84,-69.26,85.48,58,99,3.15,BR
395,Lüderitz,-26.65,15.16,59.68,79,0,7.2,NA
396,Bowen,-20.02,148.23,73.4,88,100,3.36,AU
397,Poconé,-16.26,-56.62,91.24,43,94,3.4,BR
398,Mayo,38.89,-76.51,71.01,88,1,9.17,US
399,Ocampo,21.65,-101.5,74.73,23,30,12.44,MX
400,Rancho Palos Verdes,33.74,-118.39,69.01,77,90,11.41,US
401,Arrondissement de Dieppe,49.75,1.17,53.01,93,90,6.93,FR
402,Humberto de Campos,-2.6,-43.46,79.03,79,86,8.08,BR
403,May Pen,17.96,-77.25,81.0,88,75,12.75,JM
404,Harper,4.38,-7.72,76.96,89,100,5.37,LR
405,Jiwani,25.05,61.74,76.73,31,0,10.4,PK
406,Mae Hong Son,19.3,97.97,70.72,86,100,1.77,TH
407,Tessalit,20.2,1.01,85.17,14,0,11.59,ML
408,Severo-Kuril'sk,50.68,156.12,44.47,81,100,32.59,RU
409,Kahului,20.89,-156.47,89.6,46,40,10.29,US
410,Kloulklubed,7.04,134.26,83.89,72,89,12.64,PW
411,São Geraldo do Araguaia,-6.4,-48.55,81.14,65,100,1.61,BR
412,Middletown,39.52,-84.4,77.0,88,40,12.75,US
413,Timrå,62.49,17.33,28.4,100,0,4.7,SE
414,Pechenga,69.53,31.17,30.2,100,40,3.36,RU
415,Kangaatsiaq,68.31,-53.46,26.76,95,100,3.98,GL
416,Bereda,43.27,-7.54,60.01,82,20,14.99,ES
417,Along,28.17,94.77,65.89,89,100,0.4,IN
418,Worland,44.02,-107.96,34.0,58,1,5.82,US
419,Camacha,33.08,-16.33,66.2,68,40,3.36,PT
420,Port Moresby,-9.44,147.18,77.97,88,100,2.73,PG
421,Laguna,38.42,-121.42,78.01,15,1,4.7,US
422,Morehead,37.27,-87.18,77.0,69,75,3.36,US
423,Hambantota,6.12,81.12,78.57,83,9,14.67,LK
424,Lakshmīpur,22.95,90.83,75.51,94,100,8.39,BD
425,Vila Franca do Campo,37.72,-25.43,66.2,77,75,17.22,PT
426,Nova Olímpia,-14.8,-57.29,90.0,41,77,3.91,BR
427,Jacareacanga,-6.22,-57.75,82.4,72,100,2.01,BR
428,Naica,27.85,-105.48,84.63,17,0,0.87,MX
429,Mahon,39.89,4.27,64.4,77,0,5.82,ES
430,Omboué,-1.57,9.26,76.82,89,100,7.65,GA
431,Santa Isabel Rio Negro,-0.41,-65.02,78.21,90,99,0.09,BR
432,Aksu,41.12,80.26,44.62,47,13,1.25,CN
433,Krasnovishersk,60.41,57.08,22.44,91,100,8.1,RU
434,Priamurskiy,48.52,134.9,33.8,100,90,11.97,RU
435,Jardim,-21.48,-56.14,71.76,88,97,3.8,BR
436,Kyakhta,50.35,106.45,29.59,94,50,1.68,RU
437,Haines Junction,60.75,-137.51,24.4,78,95,2.33,CA
438,Kargil,34.57,76.1,30.33,85,3,3.67,IN
439,Kamenka,51.32,42.77,57.0,72,100,8.5,RU
440,Kenitra,34.26,-6.58,55.4,100,0,4.05,MA
441,Hokitika,-42.72,170.97,58.37,66,0,1.9,NZ
442,Beeville,28.4,-97.75,91.0,47,59,4.0,US
443,Perth,-31.93,115.83,55.99,62,0,6.93,AU
444,Yashkul',46.17,45.34,56.8,64,17,6.55,RU
445,Oriximiná,-1.77,-55.87,90.54,42,42,3.76,BR
446,Livingston,55.9,-3.52,45.0,87,0,9.17,GB
447,Baruun-Urt,46.68,113.28,30.74,84,51,9.37,MN
448,Kedrovyy,56.17,91.82,33.8,74,0,4.47,RU
449,Vikhorevka,56.12,101.16,35.6,74,95,2.24,RU
450,Kamaishi,39.27,141.88,50.74,65,3,7.49,JP
451,Pajusti,59.28,26.41,40.37,76,75,9.6,EE
452,São Gabriel da Cachoeira,-0.13,-67.09,78.53,94,100,1.77,BR
453,Te Anau,-45.42,167.72,55.8,71,100,8.03,NZ
454,Ikom,5.97,8.71,74.14,95,100,2.3,NG
455,Bobov Dol,42.37,23.02,41.0,93,1,4.7,BG
456,Fichē,9.8,38.73,47.44,59,18,3.36,ET
457,Verāval,20.9,70.37,81.3,53,0,5.7,IN
458,Lewistown,40.6,-77.57,72.0,73,1,7.67,US
459,Gigmoto,13.78,124.39,79.54,82,98,5.28,PH
460,Ambulu,-8.35,113.61,75.07,88,12,3.0,ID
461,Neiafu,-18.65,-173.98,80.6,74,75,12.75,TO
462,Gizo Government Station,-8.1,156.84,83.53,70,32,2.1,SB
463,Inzer,54.22,57.56,29.62,96,100,4.92,RU
464,Bagnes,46.08,7.22,51.8,100,20,2.24,CH
465,Ayan,56.45,138.17,34.48,89,100,15.99,RU
466,Swellendam,-34.02,20.44,64.4,93,38,2.15,ZA
467,Fuyang,32.9,115.82,48.22,50,38,5.55,CN
468,Todos Santos,23.45,-110.22,81.0,72,44,5.99,MX
469,Kruisfontein,-34.0,24.73,68.0,82,58,1.99,ZA
470,Deputatsky,69.3,139.9,1.8,91,100,3.44,RU
471,Solwezi,-12.17,26.39,66.67,46,19,2.98,ZM
472,Bonavista,48.65,-53.11,37.99,86,62,1.99,CA
473,Camopi,3.17,-52.32,83.84,57,97,5.66,GF
474,Mianyang,31.46,104.75,63.61,69,100,3.65,CN
475,Sola,-13.88,167.55,77.0,94,90,17.83,VU
476,Vágur,61.47,-6.81,48.18,81,11,13.29,FO
477,Concepción del Oro,24.63,-101.42,76.14,19,5,11.65,MX
478,Dicabisagan,17.08,122.42,78.49,82,100,3.11,PH
479,Medak,18.03,78.27,73.0,63,47,1.43,IN
480,Porto Walter,-8.27,-72.74,89.55,50,61,5.35,BR
481,Dalby,-27.18,151.27,70.0,79,100,4.0,AU
482,Ambilobe,-13.2,49.05,70.7,71,11,5.35,MG
483,Camaná,-16.62,-72.71,65.89,73,34,7.02,PE
484,Bahía Honda,22.9,-83.16,82.11,81,87,9.98,CU
485,Birao,10.28,22.79,74.98,75,99,3.36,CF
486,Kuytun,54.34,101.5,34.81,91,98,6.87,RU
487,Chervishevo,56.95,65.43,21.2,79,75,8.95,RU
488,Belyy Yar,53.6,91.39,30.2,92,0,2.01,RU
489,Caravelas,-17.71,-39.25,73.04,90,97,6.22,BR
490,Kavaratti,10.57,72.64,80.15,78,92,14.29,IN
491,Port Macquarie,-31.43,152.92,66.99,99,100,8.63,AU
492,Santarém,-2.44,-54.71,89.6,59,20,8.05,BR
493,Socorro,31.65,-106.3,82.4,23,5,6.93,US
494,Iqaluit,63.75,-68.51,30.2,80,90,4.7,CA
495,Tigre,-34.43,-58.58,69.8,83,75,5.82,AR
496,Buraidah,26.33,43.98,68.0,30,0,4.7,SA
497,Durg,21.18,81.28,71.28,59,10,3.85,IN
498,Bariloche,-41.15,-71.31,64.4,20,0,26.4,AR
499,Ampanihy,-24.7,44.75,72.81,62,99,5.23,MG
500,Port-Gentil,-0.72,8.78,77.0,94,90,12.35,GA
501,Tautira,-17.73,-149.15,84.2,66,75,13.87,PF
502,‘Āhuimanu,21.44,-157.84,80.6,94,75,3.36,US
503,Lucapa,-8.42,20.74,67.41,92,75,1.5,AO
504,Buala,-8.14,159.59,84.15,71,22,5.7,SB
505,Fortuna,40.6,-124.16,63.0,58,1,13.87,US
506,Huicheng,23.04,116.29,68.0,52,0,4.47,CN
507,Loikaw,19.67,97.21,64.87,95,100,1.19,MM
508,Mehamn,71.04,27.85,37.4,86,75,26.4,NO
509,Port Shepstone,-30.74,30.45,70.03,86,100,11.86,ZA
510,Erzin,36.96,36.2,75.99,42,0,8.01,TR
511,Yerbogachën,61.28,108.01,25.66,98,92,4.65,RU
512,Sturgeon Bay,44.83,-87.38,37.4,93,90,25.28,US
513,Preobrazheniye,42.9,133.91,33.35,86,2,15.99,RU
514,Port Augusta,-32.5,137.77,57.2,67,90,18.34,AU
515,Grand-Santi,4.25,-54.38,84.94,54,94,5.37,GF
516,Sel’tso,53.37,34.1,49.12,94,90,8.21,RU
517,Mosquera,4.71,-74.23,66.2,45,40,6.93,CO
518,Rio Grande,-32.03,-52.1,72.0,84,100,9.73,BR
519,West Monroe,32.52,-92.15,84.2,65,1,4.32,US
520,Eresós,39.17,25.93,66.2,72,0,4.7,GR
521,Bukama,-9.2,25.85,73.09,83,87,1.72,CD
522,Słubice,52.35,14.56,55.99,86,100,5.82,PL
523,High Rock,26.62,-78.28,82.4,74,75,8.05,BS
524,Taltal,-25.4,-70.48,62.35,64,22,3.94,CL
525,Robertsport,6.75,-11.37,78.96,86,100,9.8,LR
526,Jinchang,38.5,102.17,44.1,52,63,4.88,CN
527,Shīeli,44.17,66.75,35.69,70,96,5.48,KZ
528,Alyangula,-13.85,136.42,82.4,78,80,6.93,AU
529,Changde,29.05,111.68,58.66,75,85,4.12,CN
530,Polunochnoye,60.87,60.42,18.1,96,8,3.89,RU
531,Talnakh,69.49,88.4,-4.0,83,40,8.95,RU
532,Caceres,39.52,-6.37,52.0,89,0,3.13,ES
533,Merauke,-8.47,140.33,80.22,79,38,11.21,ID
534,Gusau,12.16,6.66,77.85,25,12,3.8,NG
535,Brigantine,39.41,-74.36,66.2,88,90,4.7,US
536,Balyqshy,47.07,51.87,50.0,71,75,11.18,KZ
537,Novy Urengoy,66.08,76.63,18.46,97,98,9.26,RU
538,Pochutla,15.74,-96.47,88.0,66,40,6.04,MX
539,Tahe,52.33,124.73,22.15,93,0,4.43,CN
540,Hailar,49.2,119.7,25.18,94,0,5.46,CN
541,Uthal,25.81,66.62,74.26,48,0,3.38,PK
542,Nabire,-3.37,135.48,75.36,92,100,4.54,ID
543,Río Gallegos,-51.62,-69.22,53.6,62,75,11.41,AR
544,Houston,29.76,-95.36,80.6,65,1,6.93,US
545,Nipawin,53.37,-104.0,24.8,62,90,13.87,CA
546,Uuemõisa,58.94,23.59,45.0,73,73,8.01,EE
547,Ulagan,50.63,87.96,32.54,92,100,0.92,RU
548,Mauá,-23.67,-46.46,71.6,68,75,16.11,BR
549,Tuyen Quang,21.82,105.22,63.39,73,100,1.9,VN
550,Ouésso,1.61,16.05,72.5,96,99,3.2,CG
551,Faya,18.39,42.45,62.6,23,0,5.75,SA
552,Ostrovnoy,68.05,39.51,29.32,97,100,6.98,RU
553,Ranchi,23.35,85.33,71.6,94,7,7.11,IN
